[
  {
    "model": "admin.logentry",
    "pk": 1,
    "fields": {
      "action_time": "2024-07-16T10:45:34.369Z",
      "user": 4,
      "content_type": 3,
      "object_id": "1",
      "object_repr": "Moderators",
      "action_flag": 1,
      "change_message": "[{\"added\": {}}]"
    }
  },
  {
    "model": "admin.logentry",
    "pk": 2,
    "fields": {
      "action_time": "2024-07-16T10:46:10.339Z",
      "user": 4,
      "content_type": 6,
      "object_id": "5",
      "object_repr": "moder@sky.pro",
      "action_flag": 2,
      "change_message": "[{\"changed\": {\"fields\": [\"Groups\"]}}]"
    }
  },
  {
    "model": "auth.permission",
    "pk": 1,
    "fields": {
      "name": "Can add log entry",
      "content_type": 1,
      "codename": "add_logentry"
    }
  },
  {
    "model": "auth.permission",
    "pk": 2,
    "fields": {
      "name": "Can change log entry",
      "content_type": 1,
      "codename": "change_logentry"
    }
  },
  {
    "model": "auth.permission",
    "pk": 3,
    "fields": {
      "name": "Can delete log entry",
      "content_type": 1,
      "codename": "delete_logentry"
    }
  },
  {
    "model": "auth.permission",
    "pk": 4,
    "fields": {
      "name": "Can view log entry",
      "content_type": 1,
      "codename": "view_logentry"
    }
  },
  {
    "model": "auth.permission",
    "pk": 5,
    "fields": {
      "name": "Can add permission",
      "content_type": 2,
      "codename": "add_permission"
    }
  },
  {
    "model": "auth.permission",
    "pk": 6,
    "fields": {
      "name": "Can change permission",
      "content_type": 2,
      "codename": "change_permission"
    }
  },
  {
    "model": "auth.permission",
    "pk": 7,
    "fields": {
      "name": "Can delete permission",
      "content_type": 2,
      "codename": "delete_permission"
    }
  },
  {
    "model": "auth.permission",
    "pk": 8,
    "fields": {
      "name": "Can view permission",
      "content_type": 2,
      "codename": "view_permission"
    }
  },
  {
    "model": "auth.permission",
    "pk": 9,
    "fields": {
      "name": "Can add group",
      "content_type": 3,
      "codename": "add_group"
    }
  },
  {
    "model": "auth.permission",
    "pk": 10,
    "fields": {
      "name": "Can change group",
      "content_type": 3,
      "codename": "change_group"
    }
  },
  {
    "model": "auth.permission",
    "pk": 11,
    "fields": {
      "name": "Can delete group",
      "content_type": 3,
      "codename": "delete_group"
    }
  },
  {
    "model": "auth.permission",
    "pk": 12,
    "fields": {
      "name": "Can view group",
      "content_type": 3,
      "codename": "view_group"
    }
  },
  {
    "model": "auth.permission",
    "pk": 13,
    "fields": {
      "name": "Can add content type",
      "content_type": 4,
      "codename": "add_contenttype"
    }
  },
  {
    "model": "auth.permission",
    "pk": 14,
    "fields": {
      "name": "Can change content type",
      "content_type": 4,
      "codename": "change_contenttype"
    }
  },
  {
    "model": "auth.permission",
    "pk": 15,
    "fields": {
      "name": "Can delete content type",
      "content_type": 4,
      "codename": "delete_contenttype"
    }
  },
  {
    "model": "auth.permission",
    "pk": 16,
    "fields": {
      "name": "Can view content type",
      "content_type": 4,
      "codename": "view_contenttype"
    }
  },
  {
    "model": "auth.permission",
    "pk": 17,
    "fields": {
      "name": "Can add session",
      "content_type": 5,
      "codename": "add_session"
    }
  },
  {
    "model": "auth.permission",
    "pk": 18,
    "fields": {
      "name": "Can change session",
      "content_type": 5,
      "codename": "change_session"
    }
  },
  {
    "model": "auth.permission",
    "pk": 19,
    "fields": {
      "name": "Can delete session",
      "content_type": 5,
      "codename": "delete_session"
    }
  },
  {
    "model": "auth.permission",
    "pk": 20,
    "fields": {
      "name": "Can view session",
      "content_type": 5,
      "codename": "view_session"
    }
  },
  {
    "model": "auth.permission",
    "pk": 21,
    "fields": {
      "name": "Can add пользователь",
      "content_type": 6,
      "codename": "add_user"
    }
  },
  {
    "model": "auth.permission",
    "pk": 22,
    "fields": {
      "name": "Can change пользователь",
      "content_type": 6,
      "codename": "change_user"
    }
  },
  {
    "model": "auth.permission",
    "pk": 23,
    "fields": {
      "name": "Can delete пользователь",
      "content_type": 6,
      "codename": "delete_user"
    }
  },
  {
    "model": "auth.permission",
    "pk": 24,
    "fields": {
      "name": "Can view пользователь",
      "content_type": 6,
      "codename": "view_user"
    }
  },
  {
    "model": "auth.permission",
    "pk": 25,
    "fields": {
      "name": "Can add Курс",
      "content_type": 7,
      "codename": "add_course"
    }
  },
  {
    "model": "auth.permission",
    "pk": 26,
    "fields": {
      "name": "Can change Курс",
      "content_type": 7,
      "codename": "change_course"
    }
  },
  {
    "model": "auth.permission",
    "pk": 27,
    "fields": {
      "name": "Can delete Курс",
      "content_type": 7,
      "codename": "delete_course"
    }
  },
  {
    "model": "auth.permission",
    "pk": 28,
    "fields": {
      "name": "Can view Курс",
      "content_type": 7,
      "codename": "view_course"
    }
  },
  {
    "model": "auth.permission",
    "pk": 29,
    "fields": {
      "name": "Can add Собака",
      "content_type": 8,
      "codename": "add_lesson"
    }
  },
  {
    "model": "auth.permission",
    "pk": 30,
    "fields": {
      "name": "Can change Собака",
      "content_type": 8,
      "codename": "change_lesson"
    }
  },
  {
    "model": "auth.permission",
    "pk": 31,
    "fields": {
      "name": "Can delete Собака",
      "content_type": 8,
      "codename": "delete_lesson"
    }
  },
  {
    "model": "auth.permission",
    "pk": 32,
    "fields": {
      "name": "Can view Собака",
      "content_type": 8,
      "codename": "view_lesson"
    }
  },
  {
    "model": "auth.permission",
    "pk": 33,
    "fields": {
      "name": "Can add платеж",
      "content_type": 9,
      "codename": "add_payments"
    }
  },
  {
    "model": "auth.permission",
    "pk": 34,
    "fields": {
      "name": "Can change платеж",
      "content_type": 9,
      "codename": "change_payments"
    }
  },
  {
    "model": "auth.permission",
    "pk": 35,
    "fields": {
      "name": "Can delete платеж",
      "content_type": 9,
      "codename": "delete_payments"
    }
  },
  {
    "model": "auth.permission",
    "pk": 36,
    "fields": {
      "name": "Can view платеж",
      "content_type": 9,
      "codename": "view_payments"
    }
  },
  {
    "model": "auth.permission",
    "pk": 37,
    "fields": {
      "name": "Can add подписка",
      "content_type": 10,
      "codename": "add_subscriptions"
    }
  },
  {
    "model": "auth.permission",
    "pk": 38,
    "fields": {
      "name": "Can change подписка",
      "content_type": 10,
      "codename": "change_subscriptions"
    }
  },
  {
    "model": "auth.permission",
    "pk": 39,
    "fields": {
      "name": "Can delete подписка",
      "content_type": 10,
      "codename": "delete_subscriptions"
    }
  },
  {
    "model": "auth.permission",
    "pk": 40,
    "fields": {
      "name": "Can view подписка",
      "content_type": 10,
      "codename": "view_subscriptions"
    }
  },
  {
    "model": "auth.permission",
    "pk": 41,
    "fields": {
      "name": "Can add crontab",
      "content_type": 11,
      "codename": "add_crontabschedule"
    }
  },
  {
    "model": "auth.permission",
    "pk": 42,
    "fields": {
      "name": "Can change crontab",
      "content_type": 11,
      "codename": "change_crontabschedule"
    }
  },
  {
    "model": "auth.permission",
    "pk": 43,
    "fields": {
      "name": "Can delete crontab",
      "content_type": 11,
      "codename": "delete_crontabschedule"
    }
  },
  {
    "model": "auth.permission",
    "pk": 44,
    "fields": {
      "name": "Can view crontab",
      "content_type": 11,
      "codename": "view_crontabschedule"
    }
  },
  {
    "model": "auth.permission",
    "pk": 45,
    "fields": {
      "name": "Can add interval",
      "content_type": 12,
      "codename": "add_intervalschedule"
    }
  },
  {
    "model": "auth.permission",
    "pk": 46,
    "fields": {
      "name": "Can change interval",
      "content_type": 12,
      "codename": "change_intervalschedule"
    }
  },
  {
    "model": "auth.permission",
    "pk": 47,
    "fields": {
      "name": "Can delete interval",
      "content_type": 12,
      "codename": "delete_intervalschedule"
    }
  },
  {
    "model": "auth.permission",
    "pk": 48,
    "fields": {
      "name": "Can view interval",
      "content_type": 12,
      "codename": "view_intervalschedule"
    }
  },
  {
    "model": "auth.permission",
    "pk": 49,
    "fields": {
      "name": "Can add periodic task",
      "content_type": 13,
      "codename": "add_periodictask"
    }
  },
  {
    "model": "auth.permission",
    "pk": 50,
    "fields": {
      "name": "Can change periodic task",
      "content_type": 13,
      "codename": "change_periodictask"
    }
  },
  {
    "model": "auth.permission",
    "pk": 51,
    "fields": {
      "name": "Can delete periodic task",
      "content_type": 13,
      "codename": "delete_periodictask"
    }
  },
  {
    "model": "auth.permission",
    "pk": 52,
    "fields": {
      "name": "Can view periodic task",
      "content_type": 13,
      "codename": "view_periodictask"
    }
  },
  {
    "model": "auth.permission",
    "pk": 53,
    "fields": {
      "name": "Can add periodic tasks",
      "content_type": 14,
      "codename": "add_periodictasks"
    }
  },
  {
    "model": "auth.permission",
    "pk": 54,
    "fields": {
      "name": "Can change periodic tasks",
      "content_type": 14,
      "codename": "change_periodictasks"
    }
  },
  {
    "model": "auth.permission",
    "pk": 55,
    "fields": {
      "name": "Can delete periodic tasks",
      "content_type": 14,
      "codename": "delete_periodictasks"
    }
  },
  {
    "model": "auth.permission",
    "pk": 56,
    "fields": {
      "name": "Can view periodic tasks",
      "content_type": 14,
      "codename": "view_periodictasks"
    }
  },
  {
    "model": "auth.permission",
    "pk": 57,
    "fields": {
      "name": "Can add solar event",
      "content_type": 15,
      "codename": "add_solarschedule"
    }
  },
  {
    "model": "auth.permission",
    "pk": 58,
    "fields": {
      "name": "Can change solar event",
      "content_type": 15,
      "codename": "change_solarschedule"
    }
  },
  {
    "model": "auth.permission",
    "pk": 59,
    "fields": {
      "name": "Can delete solar event",
      "content_type": 15,
      "codename": "delete_solarschedule"
    }
  },
  {
    "model": "auth.permission",
    "pk": 60,
    "fields": {
      "name": "Can view solar event",
      "content_type": 15,
      "codename": "view_solarschedule"
    }
  },
  {
    "model": "auth.permission",
    "pk": 61,
    "fields": {
      "name": "Can add clocked",
      "content_type": 16,
      "codename": "add_clockedschedule"
    }
  },
  {
    "model": "auth.permission",
    "pk": 62,
    "fields": {
      "name": "Can change clocked",
      "content_type": 16,
      "codename": "change_clockedschedule"
    }
  },
  {
    "model": "auth.permission",
    "pk": 63,
    "fields": {
      "name": "Can delete clocked",
      "content_type": 16,
      "codename": "delete_clockedschedule"
    }
  },
  {
    "model": "auth.permission",
    "pk": 64,
    "fields": {
      "name": "Can view clocked",
      "content_type": 16,
      "codename": "view_clockedschedule"
    }
  },
  {
    "model": "auth.group",
    "pk": 1,
    "fields": {
      "name": "Moderators",
      "permissions": []
    }
  },
  {
    "model": "contenttypes.contenttype",
    "pk": 1,
    "fields": {
      "app_label": "admin",
      "model": "logentry"
    }
  },
  {
    "model": "contenttypes.contenttype",
    "pk": 2,
    "fields": {
      "app_label": "auth",
      "model": "permission"
    }
  },
  {
    "model": "contenttypes.contenttype",
    "pk": 3,
    "fields": {
      "app_label": "auth",
      "model": "group"
    }
  },
  {
    "model": "contenttypes.contenttype",
    "pk": 4,
    "fields": {
      "app_label": "contenttypes",
      "model": "contenttype"
    }
  },
  {
    "model": "contenttypes.contenttype",
    "pk": 5,
    "fields": {
      "app_label": "sessions",
      "model": "session"
    }
  },
  {
    "model": "contenttypes.contenttype",
    "pk": 6,
    "fields": {
      "app_label": "users",
      "model": "user"
    }
  },
  {
    "model": "contenttypes.contenttype",
    "pk": 7,
    "fields": {
      "app_label": "courses",
      "model": "course"
    }
  },
  {
    "model": "contenttypes.contenttype",
    "pk": 8,
    "fields": {
      "app_label": "courses",
      "model": "lesson"
    }
  },
  {
    "model": "contenttypes.contenttype",
    "pk": 9,
    "fields": {
      "app_label": "users",
      "model": "payments"
    }
  },
  {
    "model": "contenttypes.contenttype",
    "pk": 10,
    "fields": {
      "app_label": "users",
      "model": "subscriptions"
    }
  },
  {
    "model": "contenttypes.contenttype",
    "pk": 11,
    "fields": {
      "app_label": "django_celery_beat",
      "model": "crontabschedule"
    }
  },
  {
    "model": "contenttypes.contenttype",
    "pk": 12,
    "fields": {
      "app_label": "django_celery_beat",
      "model": "intervalschedule"
    }
  },
  {
    "model": "contenttypes.contenttype",
    "pk": 13,
    "fields": {
      "app_label": "django_celery_beat",
      "model": "periodictask"
    }
  },
  {
    "model": "contenttypes.contenttype",
    "pk": 14,
    "fields": {
      "app_label": "django_celery_beat",
      "model": "periodictasks"
    }
  },
  {
    "model": "contenttypes.contenttype",
    "pk": 15,
    "fields": {
      "app_label": "django_celery_beat",
      "model": "solarschedule"
    }
  },
  {
    "model": "contenttypes.contenttype",
    "pk": 16,
    "fields": {
      "app_label": "django_celery_beat",
      "model": "clockedschedule"
    }
  },
  {
    "model": "sessions.session",
    "pk": "wb3rjjs4mwtxkm8qw7tyowa8bf5cekg8",
    "fields": {
      "session_data": ".eJxVjDsOwjAQBe_iGln-reNQ0nMGa-1d4wBypDipEHeHSCmgfTPzXiLitta4dV7iROIsnDj9bgnzg9sO6I7tNss8t3WZktwVedAurzPx83K4fwcVe_3WnEGRGWxGC350RI4sGTWWzGzYoGEoGAI5DAwhea8LDMprBx6KNqN4fwD5njff:1sTfee:r-yzi4Z-2g2flAfsf8thHFU05ryAZp5jkRZRQ0xgiGE",
      "expire_date": "2024-07-30T10:43:32.466Z"
    }
  },
  {
    "model": "users.user",
    "pk": 1,
    "fields": {
      "password": "pbkdf2_sha256$720000$1w0izOMyWpOylxSt0LhqVv$eFxxTE3rnFY4FI3K1mYoQl0PX8Sd/hcK4MRRtenq/6E=",
      "last_login": null,
      "is_superuser": true,
      "first_name": "",
      "last_name": "",
      "is_staff": true,
      "is_active": true,
      "date_joined": "2024-07-10T08:16:41.046Z",
      "email": "sky@pro.com",
      "phone": "89998887766",
      "city": "default city",
      "avatar": "",
      "groups": [],
      "user_permissions": []
    }
  },
  {
    "model": "users.user",
    "pk": 2,
    "fields": {
      "password": "frog",
      "last_login": null,
      "is_superuser": false,
      "first_name": "",
      "last_name": "",
      "is_staff": false,
      "is_active": true,
      "date_joined": "2024-07-10T08:26:10.868Z",
      "email": "user@sky.pro",
      "phone": "89998887766",
      "city": "default city",
      "avatar": "",
      "groups": [],
      "user_permissions": []
    }
  },
  {
    "model": "users.user",
    "pk": 3,
    "fields": {
      "password": "pbkdf2_sha256$720000$O3C5t90Y9xiXXjvaz5Z4KU$wVRxTJ+EUX/dcC1N9iY7K23E116HcEFD6S5tlwLpBqs=",
      "last_login": null,
      "is_superuser": false,
      "first_name": "",
      "last_name": "",
      "is_staff": false,
      "is_active": true,
      "date_joined": "2024-07-16T10:11:45.962Z",
      "email": "test@sky.pro",
      "phone": null,
      "city": "default city",
      "avatar": "",
      "groups": [],
      "user_permissions": []
    }
  },
  {
    "model": "users.user",
    "pk": 4,
    "fields": {
      "password": "pbkdf2_sha256$720000$oquBsiSzeOlhsrpWmD4GA1$NVTUevKqNDJCC17KQSPUqKOIVqNS98m3lW5ufysMSpU=",
      "last_login": "2024-07-16T10:43:32.463Z",
      "is_superuser": true,
      "first_name": "",
      "last_name": "",
      "is_staff": true,
      "is_active": true,
      "date_joined": "2024-07-16T10:30:12.723Z",
      "email": "admin@sky.pro",
      "phone": null,
      "city": null,
      "avatar": "",
      "groups": [],
      "user_permissions": []
    }
  },
  {
    "model": "users.user",
    "pk": 5,
    "fields": {
      "password": "pbkdf2_sha256$720000$l1iRME0KOtoNAxsNhSTO2P$Tke7fPJj+Dt2RuKgepNcvtDAeCeG0qRRv87UNTzlKVM=",
      "last_login": null,
      "is_superuser": false,
      "first_name": "",
      "last_name": "",
      "is_staff": false,
      "is_active": true,
      "date_joined": "2024-07-16T10:45:57Z",
      "email": "moder@sky.pro",
      "phone": null,
      "city": null,
      "avatar": "",
      "groups": [
        1
      ],
      "user_permissions": []
    }
  },
  {
    "model": "users.user",
    "pk": 6,
    "fields": {
      "password": "pbkdf2_sha256$720000$qK4wyHUruHNRBIhyrH3dEe$4v2GzxzV5AP1dj0hGJEvICIlkGIt0+Rk89O4POXhoEY=",
      "last_login": "2024-08-01T11:25:21.134Z",
      "is_superuser": false,
      "first_name": "",
      "last_name": "",
      "is_staff": false,
      "is_active": true,
      "date_joined": "2024-07-31T12:24:35.470Z",
      "email": "shadowfish@yandex.ru",
      "phone": null,
      "city": null,
      "avatar": "",
      "groups": [],
      "user_permissions": []
    }
  },
  {
    "model": "users.payments",
    "pk": 2,
    "fields": {
      "user": 1,
      "date_of_payment": "2024-05-24T00:00:00Z",
      "course": null,
      "lesson": 2,
      "payment_amount": 12000,
      "payment_method_is_cash": true,
      "session_id": null,
      "link": null
    }
  },
  {
    "model": "users.payments",
    "pk": 4,
    "fields": {
      "user": 1,
      "date_of_payment": "2024-07-11T00:00:00Z",
      "course": 3,
      "lesson": null,
      "payment_amount": 22000,
      "payment_method_is_cash": true,
      "session_id": null,
      "link": null
    }
  },
  {
    "model": "users.payments",
    "pk": 5,
    "fields": {
      "user": 1,
      "date_of_payment": "2024-02-11T00:00:00Z",
      "course": 2,
      "lesson": null,
      "payment_amount": 11000,
      "payment_method_is_cash": false,
      "session_id": null,
      "link": null
    }
  },
  {
    "model": "users.payments",
    "pk": 7,
    "fields": {
      "user": 1,
      "date_of_payment": "2024-01-17T00:00:00Z",
      "course": null,
      "lesson": 5,
      "payment_amount": 6000,
      "payment_method_is_cash": false,
      "session_id": null,
      "link": null
    }
  },
  {
    "model": "users.payments",
    "pk": 8,
    "fields": {
      "user": 1,
      "date_of_payment": "2024-01-19T00:00:00Z",
      "course": 2,
      "lesson": null,
      "payment_amount": 9000,
      "payment_method_is_cash": false,
      "session_id": null,
      "link": null
    }
  },
  {
    "model": "users.payments",
    "pk": 9,
    "fields": {
      "user": 2,
      "date_of_payment": "2024-02-19T00:00:00Z",
      "course": 2,
      "lesson": null,
      "payment_amount": 9000,
      "payment_method_is_cash": false,
      "session_id": null,
      "link": null
    }
  },
  {
    "model": "users.payments",
    "pk": 10,
    "fields": {
      "user": 2,
      "date_of_payment": "2024-04-19T00:00:00Z",
      "course": null,
      "lesson": 4,
      "payment_amount": 9000,
      "payment_method_is_cash": true,
      "session_id": null,
      "link": null
    }
  },
  {
    "model": "users.payments",
    "pk": 11,
    "fields": {
      "user": 1,
      "date_of_payment": "2024-03-21T00:00:00Z",
      "course": null,
      "lesson": 3,
      "payment_amount": 3000,
      "payment_method_is_cash": false,
      "session_id": null,
      "link": null
    }
  },
  {
    "model": "users.payments",
    "pk": 12,
    "fields": {
      "user": 1,
      "date_of_payment": "2024-04-01T00:00:00Z",
      "course": null,
      "lesson": 3,
      "payment_amount": 3000,
      "payment_method_is_cash": false,
      "session_id": null,
      "link": null
    }
  },
  {
    "model": "users.payments",
    "pk": 13,
    "fields": {
      "user": 4,
      "date_of_payment": null,
      "course": 1,
      "lesson": null,
      "payment_amount": 500,
      "payment_method_is_cash": false,
      "session_id": null,
      "link": null
    }
  },
  {
    "model": "users.payments",
    "pk": 14,
    "fields": {
      "user": 4,
      "date_of_payment": null,
      "course": 1,
      "lesson": null,
      "payment_amount": 500,
      "payment_method_is_cash": false,
      "session_id": "cs_test_a1SMdxpumuzqOUrmt0i1dXOV4OnvYbfUthQ88UO3EK1XlxNNvxezgy5AIz",
      "link": "https://checkout.stripe.com/c/pay/cs_test_a1SMdxpumuzqOUrmt0i1dXOV4OnvYbfUthQ88UO3EK1XlxNNvxezgy5AIz#fidkdWxOYHwnPyd1blpxYHZxWjA0VWJvPE1XdnU9N0wzaWBAUnx8YXN%2FcFNnTXJ9YXFVR24zbDdGQlxTRlRiNlxhMDVIcT1xS2hvfF9fXUxnZkl3PVdvfUpJbEwzbHFGZn9OR3R3aGZEPTNSNTU2YzRXUl1RcCcpJ2N3amhWYHdzYHcnP3F3cGApJ2lkfGpwcVF8dWAnPyd2bGtiaWBabHFgaCcpJ2BrZGdpYFVpZGZgbWppYWB3dic%2FcXdwYHgl"
    }
  },
  {
    "model": "users.subscriptions",
    "pk": 1,
    "fields": {
      "user": 6,
      "course": 1,
      "last_date": "2024-07-31T12:30:57.792Z"
    }
  },
  {
    "model": "users.subscriptions",
    "pk": 2,
    "fields": {
      "user": 6,
      "course": 2,
      "last_date": "2024-07-31T12:31:29.741Z"
    }
  },
  {
    "model": "courses.course",
    "pk": 1,
    "fields": {
      "title": "Python",
      "preview": "",
      "description": "The big OOP Python course",
      "owner": 4,
      "created_at": "2024-07-25T00:00:00Z",
      "updated_at": "2024-08-01T11:27:44.789Z"
    }
  },
  {
    "model": "courses.course",
    "pk": 2,
    "fields": {
      "title": "C++",
      "preview": "",
      "description": "Deeper and deeper",
      "owner": null,
      "created_at": "2024-07-25T00:00:00Z",
      "updated_at": "2024-07-31T13:42:50.473Z"
    }
  },
  {
    "model": "courses.course",
    "pk": 3,
    "fields": {
      "title": "Django",
      "preview": "",
      "description": "Get understanding of django or go postal",
      "owner": null,
      "created_at": "2024-07-25T00:00:00Z",
      "updated_at": "2024-07-25T00:00:00Z"
    }
  },
  {
    "model": "courses.course",
    "pk": 5,
    "fields": {
      "title": "Django Rest Framework",
      "preview": "",
      "description": "Some JSON's, and even more JSON's",
      "owner": null,
      "created_at": "2024-07-25T00:00:00Z",
      "updated_at": "2024-07-25T00:00:00Z"
    }
  },
  {
    "model": "courses.course",
    "pk": 7,
    "fields": {
      "title": "Test course",
      "preview": "",
      "description": "Big test is the best",
      "owner": 4,
      "created_at": "2024-07-25T00:00:00Z",
      "updated_at": "2024-07-25T00:00:00Z"
    }
  },
  {
    "model": "courses.course",
    "pk": 8,
    "fields": {
      "title": "Celery and beat",
      "preview": "",
      "description": "It may be hard to pass Ur BIG homework!",
      "owner": 6,
      "created_at": "2024-07-31T12:41:51.996Z",
      "updated_at": "2024-08-01T11:03:11.304Z"
    }
  },
  {
    "model": "courses.course",
    "pk": 9,
    "fields": {
      "title": "Python",
      "preview": "",
      "description": "The big OOP Python course",
      "owner": 6,
      "created_at": "2024-08-01T11:05:14.617Z",
      "updated_at": "2024-08-01T11:05:14.631Z"
    }
  },
  {
    "model": "courses.course",
    "pk": 10,
    "fields": {
      "title": "Python",
      "preview": "",
      "description": "The big OOP Python course",
      "owner": 6,
      "created_at": "2024-08-01T11:06:32.957Z",
      "updated_at": "2024-08-01T11:06:32.960Z"
    }
  },
  {
    "model": "courses.course",
    "pk": 11,
    "fields": {
      "title": "The Python",
      "preview": "",
      "description": "The big OOP Python course",
      "owner": 6,
      "created_at": "2024-08-01T11:06:41.429Z",
      "updated_at": "2024-08-01T11:06:41.433Z"
    }
  },
  {
    "model": "courses.course",
    "pk": 12,
    "fields": {
      "title": "The Python",
      "preview": "",
      "description": "The big OOP Python course",
      "owner": 6,
      "created_at": "2024-08-01T11:08:16.040Z",
      "updated_at": "2024-08-01T11:08:16.042Z"
    }
  },
  {
    "model": "courses.course",
    "pk": 13,
    "fields": {
      "title": "The Python",
      "preview": "",
      "description": "The big OOP Python course",
      "owner": 6,
      "created_at": "2024-08-01T11:09:16.597Z",
      "updated_at": "2024-08-01T11:09:16.599Z"
    }
  },
  {
    "model": "courses.lesson",
    "pk": 1,
    "fields": {
      "title": "Viewsets and generics",
      "course": 3,
      "description": "can U do homework with VewSets and Generics?",
      "preview": "",
      "video_url": null,
      "owner": null
    }
  },
  {
    "model": "courses.lesson",
    "pk": 2,
    "fields": {
      "title": "FBV and CBV",
      "course": 3,
      "description": "U can't understand? No problem, it's normally!",
      "preview": "",
      "video_url": null,
      "owner": null
    }
  },
  {
    "model": "courses.lesson",
    "pk": 3,
    "fields": {
      "title": "Permissions",
      "course": 3,
      "description": "permission denied. Please, authorized!",
      "preview": "",
      "video_url": null,
      "owner": null
    }
  },
  {
    "model": "courses.lesson",
    "pk": 4,
    "fields": {
      "title": "functions",
      "course": 2,
      "description": "how to create functions and use it after that",
      "preview": "",
      "video_url": null,
      "owner": null
    }
  },
  {
    "model": "courses.lesson",
    "pk": 5,
    "fields": {
      "title": "dinamical polimorphysm",
      "course": 2,
      "description": "what it is and how to live with this knowledge",
      "preview": "",
      "video_url": null,
      "owner": null
    }
  },
  {
    "model": "courses.lesson",
    "pk": 6,
    "fields": {
      "title": "list comprehensions",
      "course": 1,
      "description": "I have for U some special street magic!",
      "preview": "",
      "video_url": null,
      "owner": 4
    }
  },
  {
    "model": "courses.lesson",
    "pk": 7,
    "fields": {
      "title": "magic methods",
      "course": 1,
      "description": "even more special street magic for U!",
      "preview": "",
      "video_url": null,
      "owner": 4
    }
  },
  {
    "model": "courses.lesson",
    "pk": 8,
    "fields": {
      "title": "legasy",
      "course": 1,
      "description": "True OOP method to become rich.",
      "preview": "",
      "video_url": null,
      "owner": 4
    }
  },
  {
    "model": "courses.lesson",
    "pk": 9,
    "fields": {
      "title": "errors and exeptions",
      "course": 1,
      "description": "try: understand_that()/ except: cry_in_desperation()",
      "preview": "",
      "video_url": null,
      "owner": 4
    }
  },
  {
    "model": "courses.lesson",
    "pk": 11,
    "fields": {
      "title": "lesson 2",
      "course": 1,
      "description": null,
      "preview": "",
      "video_url": null,
      "owner": 1
    }
  },
  {
    "model": "courses.lesson",
    "pk": 16,
    "fields": {
      "title": "Celery and Redis",
      "course": 8,
      "description": "can U planned something asyng?",
      "preview": "",
      "video_url": null,
      "owner": 6
    }
  },
  {
    "model": "courses.lesson",
    "pk": 17,
    "fields": {
      "title": "Django-celery-beat",
      "course": 8,
      "description": "you can beat or beaten?",
      "preview": "",
      "video_url": null,
      "owner": 6
    }
  },
  {
    "model": "courses.lesson",
    "pk": 22,
    "fields": {
      "title": "Why our busyness-logic-isnt-madness",
      "course": 8,
      "description": "and no black magic to blow up you brain",
      "preview": "",
      "video_url": null,
      "owner": 6
    }
  },
  {
    "model": "courses.lesson",
    "pk": 23,
    "fields": {
      "title": "homework",
      "course": 8,
      "description": "where nothing do-not-work - and-nowhere-to-pass!",
      "preview": "",
      "video_url": null,
      "owner": 6
    }
  },
  {
    "model": "courses.lesson",
    "pk": 24,
    "fields": {
      "title": "hell",
      "course": 8,
      "description": "all fields full of hell!",
      "preview": "",
      "video_url": null,
      "owner": 6
    }
  },
  {
    "model": "django_celery_beat.intervalschedule",
    "pk": 1,
    "fields": {
      "every": 86400,
      "period": "seconds"
    }
  },
  {
    "model": "django_celery_beat.intervalschedule",
    "pk": 2,
    "fields": {
      "every": 60,
      "period": "seconds"
    }
  },
  {
    "model": "django_celery_beat.crontabschedule",
    "pk": 1,
    "fields": {
      "minute": "0",
      "hour": "4",
      "day_of_month": "*",
      "month_of_year": "*",
      "day_of_week": "*",
      "timezone": "UTC"
    }
  },
  {
    "model": "django_celery_beat.periodictasks",
    "pk": 1,
    "fields": {
      "last_update": "2024-08-01T11:39:41.404Z"
    }
  },
  {
    "model": "django_celery_beat.periodictask",
    "pk": 1,
    "fields": {
      "name": "celery.backend_cleanup",
      "task": "celery.backend_cleanup",
      "interval": null,
      "crontab": 1,
      "solar": null,
      "clocked": null,
      "args": "[]",
      "kwargs": "{}",
      "queue": null,
      "exchange": null,
      "routing_key": null,
      "headers": "{}",
      "priority": null,
      "expires": null,
      "expire_seconds": 43200,
      "one_off": false,
      "start_time": null,
      "enabled": true,
      "last_run_at": null,
      "total_run_count": 0,
      "date_changed": "2024-08-01T11:39:41.350Z",
      "description": ""
    }
  },
  {
    "model": "django_celery_beat.periodictask",
    "pk": 2,
    "fields": {
      "name": "send_email_about_birthday",
      "task": "dogs.tasks.send_email_about_birthday",
      "interval": 1,
      "crontab": null,
      "solar": null,
      "clocked": null,
      "args": "[]",
      "kwargs": "{}",
      "queue": null,
      "exchange": null,
      "routing_key": null,
      "headers": "{}",
      "priority": null,
      "expires": null,
      "expire_seconds": null,
      "one_off": false,
      "start_time": null,
      "enabled": true,
      "last_run_at": null,
      "total_run_count": 0,
      "date_changed": "2024-07-31T13:33:04.654Z",
      "description": ""
    }
  },
  {
    "model": "django_celery_beat.periodictask",
    "pk": 3,
    "fields": {
      "name": "block_users_who_was_absent_last_mount",
      "task": "users.tasks.block_users_who_was_absent_last_mount",
      "interval": 1,
      "crontab": null,
      "solar": null,
      "clocked": null,
      "args": "[]",
      "kwargs": "{}",
      "queue": null,
      "exchange": null,
      "routing_key": null,
      "headers": "{}",
      "priority": null,
      "expires": null,
      "expire_seconds": null,
      "one_off": false,
      "start_time": null,
      "enabled": true,
      "last_run_at": "2024-08-01T11:22:02.310Z",
      "total_run_count": 108,
      "date_changed": "2024-08-01T11:39:41.403Z",
      "description": ""
    }
  }
]